Name,Host,Application
VM1,Host30,Logic
VM2,Host89,Logic
VM3,Host18,Database
VM4,Host86,Logic
VM5,Host138,Web
VM6,Host123,Logic
VM7,Host3,Database
VM8,Host186,Web
VM9,Host126,Web
VM10,Host119,Logic
VM11,Host17,Logic
VM12,Host125,Web
VM13,Host16,Logic
VM14,Host51,Logic
VM15,Host14,Web
VM16,Host70,Web
VM17,Host62,Database
VM18,Host72,Database
VM19,Host171,Database
VM20,Host194,Logic
VM21,Host109,Web
VM22,Host3,Database
VM23,Host52,Web
VM24,Host101,Logic
VM25,Host135,Database
VM26,Host130,Database
VM27,Host43,Database
VM28,Host114,Database
VM29,Host119,Database
VM30,Host63,Database
VM31,Host27,Database
VM32,Host100,Logic
VM33,Host199,Web
VM34,Host73,Logic
VM35,Host81,Web
VM36,Host185,Logic
VM37,Host141,Web
VM38,Host76,Web
VM39,Host134,Logic
VM40,Host38,Logic
VM41,Host79,Logic
VM42,Host102,Web
VM43,Host192,Logic
VM44,Host1,Logic
VM45,Host135,Logic
VM46,Host128,Web
VM47,Host177,Web
VM48,Host194,Web
VM49,Host71,Logic
VM50,Host46,Logic
VM51,Host21,Database
VM52,Host47,Logic
VM53,Host66,Web
VM54,Host181,Web
VM55,Host26,Logic
VM56,Host190,Web
VM57,Host8,Logic
VM58,Host86,Web
VM59,Host55,Web
VM60,Host120,Database
VM61,Host8,Logic
VM62,Host170,Web
VM63,Host57,Database
VM64,Host164,Web
VM65,Host182,Logic
VM66,Host130,Database
VM67,Host93,Logic
VM68,Host51,Logic
VM69,Host78,Database
VM70,Host183,Database
VM71,Host42,Web
VM72,Host47,Logic
VM73,Host71,Web
VM74,Host20,Database
VM75,Host169,Logic
VM76,Host180,Web
VM77,Host138,Web
VM78,Host200,Web
VM79,Host61,Logic
VM80,Host113,Database
VM81,Host161,Database
VM82,Host141,Web
VM83,Host184,Logic
VM84,Host7,Database
VM85,Host74,Web
VM86,Host56,Database
VM87,Host185,Database
VM88,Host117,Database
VM89,Host144,Web
VM90,Host27,Web
VM91,Host5,Database
VM92,Host183,Web
VM93,Host148,Web
VM94,Host159,Web
VM95,Host50,Logic
VM96,Host173,Database
VM97,Host86,Database
VM98,Host124,Database
VM99,Host22,Database
VM100,Host191,Database
VM101,Host171,Web
VM102,Host53,Database
VM103,Host32,Database
VM104,Host178,Web
VM105,Host178,Logic
VM106,Host74,Database
VM107,Host171,Logic
VM108,Host134,Database
VM109,Host54,Database
VM110,Host128,Logic
VM111,Host74,Database
VM112,Host2,Database
VM113,Host109,Logic
VM114,Host125,Database
VM115,Host70,Database
VM116,Host52,Database
VM117,Host166,Database
VM118,Host115,Database
VM119,Host161,Web
VM120,Host59,Database
VM121,Host55,Logic
VM122,Host100,Logic
VM123,Host29,Logic
VM124,Host145,Logic
VM125,Host123,Database
VM126,Host14,Database
VM127,Host4,Database
VM128,Host150,Database
VM129,Host24,Logic
VM130,Host95,Web
VM131,Host148,Database
VM132,Host192,Web
VM133,Host91,Logic
VM134,Host174,Logic
VM135,Host33,Web
VM136,Host118,Web
VM137,Host37,Database
VM138,Host157,Logic
VM139,Host161,Logic
VM140,Host37,Logic
VM141,Host123,Web
VM142,Host180,Web
VM143,Host51,Logic
VM144,Host192,Logic
VM145,Host102,Web
VM146,Host150,Logic
VM147,Host77,Database
VM148,Host10,Logic
VM149,Host119,Web
VM150,Host133,Web
VM151,Host117,Web
VM152,Host142,Database
VM153,Host199,Logic
VM154,Host184,Database
VM155,Host68,Web
VM156,Host86,Web
VM157,Host147,Logic
VM158,Host193,Web
VM159,Host189,Logic
VM160,Host186,Database
VM161,Host68,Database
VM162,Host87,Logic
VM163,Host101,Logic
VM164,Host190,Database
VM165,Host163,Web
VM166,Host96,Logic
VM167,Host44,Logic
VM168,Host127,Logic
VM169,Host41,Logic
VM170,Host147,Logic
VM171,Host45,Logic
VM172,Host154,Web
VM173,Host167,Logic
VM174,Host82,Logic
VM175,Host34,Logic
VM176,Host87,Logic
VM177,Host44,Database
VM178,Host36,Database
VM179,Host44,Database
VM180,Host24,Logic
VM181,Host29,Logic
VM182,Host131,Database
VM183,Host145,Web
VM184,Host192,Web
VM185,Host69,Database
VM186,Host69,Logic
VM187,Host66,Logic
VM188,Host135,Logic
VM189,Host63,Web
VM190,Host32,Web
VM191,Host186,Logic
VM192,Host62,Web
VM193,Host17,Database
VM194,Host100,Database
VM195,Host172,Web
VM196,Host147,Logic
VM197,Host134,Database
VM198,Host158,Web
VM199,Host108,Database
VM200,Host72,Web
VM201,Host153,Logic
VM202,Host47,Web
VM203,Host99,Web
VM204,Host154,Logic
VM205,Host189,Web
VM206,Host43,Database
VM207,Host120,Logic
VM208,Host73,Web
VM209,Host196,Logic
VM210,Host50,Database
VM211,Host21,Logic
VM212,Host82,Database
VM213,Host186,Web
VM214,Host144,Database
VM215,Host181,Web
VM216,Host137,Web
VM217,Host130,Logic
VM218,Host82,Database
VM219,Host15,Logic
VM220,Host73,Database
VM221,Host69,Logic
VM222,Host111,Logic
VM223,Host139,Database
VM224,Host106,Web
VM225,Host44,Logic
VM226,Host35,Web
VM227,Host35,Web
VM228,Host30,Web
VM229,Host190,Logic
VM230,Host172,Web
VM231,Host98,Web
VM232,Host77,Logic
VM233,Host135,Database
VM234,Host98,Web
VM235,Host149,Web
VM236,Host15,Database
VM237,Host196,Database
VM238,Host99,Web
VM239,Host154,Database
VM240,Host116,Logic
VM241,Host158,Logic
VM242,Host37,Logic
VM243,Host68,Database
VM244,Host10,Web
VM245,Host89,Web
VM246,Host166,Logic
VM247,Host25,Web
VM248,Host29,Logic
VM249,Host94,Web
VM250,Host29,Web
VM251,Host10,Database
VM252,Host134,Database
VM253,Host10,Web
VM254,Host150,Web
VM255,Host140,Logic
VM256,Host44,Database
VM257,Host156,Web
VM258,Host137,Web
VM259,Host176,Logic
VM260,Host160,Logic
VM261,Host193,Database
VM262,Host77,Logic
VM263,Host171,Web
VM264,Host156,Logic
VM265,Host181,Web
VM266,Host46,Database
VM267,Host41,Logic
VM268,Host36,Logic
VM269,Host137,Database
VM270,Host199,Database
VM271,Host145,Web
VM272,Host171,Database
VM273,Host44,Logic
VM274,Host100,Logic
VM275,Host59,Web
VM276,Host88,Database
VM277,Host180,Logic
VM278,Host54,Logic
VM279,Host54,Web
VM280,Host78,Web
VM281,Host20,Web
VM282,Host198,Database
VM283,Host11,Web
VM284,Host50,Web
VM285,Host76,Database
VM286,Host116,Web
VM287,Host182,Web
VM288,Host17,Web
VM289,Host34,Database
VM290,Host52,Logic
VM291,Host42,Database
VM292,Host187,Web
VM293,Host56,Web
VM294,Host168,Logic
VM295,Host40,Database
VM296,Host136,Database
VM297,Host123,Web
VM298,Host177,Database
VM299,Host55,Logic
VM300,Host147,Database
VM301,Host37,Database
VM302,Host72,Database
VM303,Host60,Logic
VM304,Host199,Web
VM305,Host96,Web
VM306,Host140,Database
VM307,Host83,Logic
VM308,Host161,Web
VM309,Host145,Database
VM310,Host190,Database
VM311,Host97,Logic
VM312,Host141,Web
VM313,Host65,Logic
VM314,Host122,Logic
VM315,Host38,Web
VM316,Host119,Database
VM317,Host160,Web
VM318,Host183,Web
VM319,Host137,Database
VM320,Host100,Web
VM321,Host58,Logic
VM322,Host74,Logic
VM323,Host168,Web
VM324,Host51,Web
VM325,Host61,Logic
VM326,Host140,Web
VM327,Host141,Database
VM328,Host169,Web
VM329,Host126,Logic
VM330,Host47,Database
VM331,Host90,Web
VM332,Host160,Logic
VM333,Host60,Logic
VM334,Host178,Logic
VM335,Host64,Web
VM336,Host104,Web
VM337,Host87,Database
VM338,Host47,Database
VM339,Host194,Web
VM340,Host104,Web
VM341,Host18,Database
VM342,Host88,Database
VM343,Host28,Logic
VM344,Host38,Database
VM345,Host138,Web
VM346,Host29,Web
VM347,Host29,Web
VM348,Host8,Database
VM349,Host5,Database
VM350,Host155,Web
VM351,Host107,Logic
VM352,Host186,Database
VM353,Host116,Web
VM354,Host64,Logic
VM355,Host51,Database
VM356,Host24,Web
VM357,Host7,Web
VM358,Host171,Web
VM359,Host50,Logic
VM360,Host46,Web
VM361,Host132,Logic
VM362,Host119,Logic
VM363,Host178,Web
VM364,Host116,Database
VM365,Host6,Web
VM366,Host85,Web
VM367,Host34,Logic
VM368,Host162,Logic
VM369,Host182,Logic
VM370,Host31,Web
VM371,Host9,Database
VM372,Host14,Database
VM373,Host53,Logic
VM374,Host178,Database
VM375,Host32,Web
VM376,Host200,Web
VM377,Host140,Logic
VM378,Host181,Logic
VM379,Host163,Logic
VM380,Host62,Logic
VM381,Host26,Web
VM382,Host127,Web
VM383,Host176,Web
VM384,Host36,Database
VM385,Host167,Web
VM386,Host154,Web
VM387,Host195,Database
VM388,Host96,Logic
VM389,Host61,Logic
VM390,Host150,Database
VM391,Host138,Database
VM392,Host136,Web
VM393,Host50,Web
VM394,Host142,Logic
VM395,Host116,Database
VM396,Host51,Web
VM397,Host164,Logic
VM398,Host49,Web
VM399,Host161,Logic
VM400,Host147,Web
VM401,Host110,Logic
VM402,Host15,Logic
VM403,Host21,Logic
VM404,Host177,Database
VM405,Host138,Database
VM406,Host27,Web
VM407,Host55,Web
VM408,Host28,Logic
VM409,Host174,Database
VM410,Host54,Logic
VM411,Host190,Logic
VM412,Host144,Logic
VM413,Host129,Web
VM414,Host106,Logic
VM415,Host156,Web
VM416,Host183,Database
VM417,Host144,Web
VM418,Host82,Database
VM419,Host152,Web
VM420,Host3,Database
VM421,Host13,Web
VM422,Host129,Logic
VM423,Host94,Web
VM424,Host41,Database
VM425,Host121,Logic
VM426,Host43,Database
VM427,Host42,Database
VM428,Host38,Logic
VM429,Host25,Database
VM430,Host25,Web
VM431,Host185,Web
VM432,Host33,Database
VM433,Host71,Database
VM434,Host124,Database
VM435,Host130,Database
VM436,Host26,Logic
VM437,Host135,Database
VM438,Host124,Database
VM439,Host168,Web
VM440,Host113,Logic
VM441,Host30,Database
VM442,Host135,Database
VM443,Host105,Web
VM444,Host145,Logic
VM445,Host194,Web
VM446,Host158,Web
VM447,Host168,Logic
VM448,Host179,Database
VM449,Host172,Logic
VM450,Host17,Database
VM451,Host144,Web
VM452,Host195,Web
VM453,Host190,Logic
VM454,Host48,Logic
VM455,Host40,Logic
VM456,Host13,Web
VM457,Host66,Web
VM458,Host64,Database
VM459,Host166,Logic
VM460,Host170,Logic
VM461,Host192,Database
VM462,Host38,Web
VM463,Host71,Database
VM464,Host56,Logic
VM465,Host149,Database
VM466,Host91,Web
VM467,Host106,Web
VM468,Host93,Logic
VM469,Host138,Logic
VM470,Host98,Web
VM471,Host170,Database
VM472,Host58,Database
VM473,Host37,Database
VM474,Host8,Database
VM475,Host74,Web
VM476,Host173,Web
VM477,Host182,Logic
VM478,Host115,Database
VM479,Host71,Web
VM480,Host114,Database
VM481,Host72,Logic
VM482,Host39,Database
VM483,Host55,Logic
VM484,Host15,Logic
VM485,Host93,Web
VM486,Host148,Web
VM487,Host53,Database
VM488,Host91,Logic
VM489,Host163,Logic
VM490,Host110,Web
VM491,Host5,Web
VM492,Host44,Web
VM493,Host176,Database
VM494,Host10,Web
VM495,Host11,Database
VM496,Host37,Database
VM497,Host113,Logic
VM498,Host184,Logic
VM499,Host149,Database
VM500,Host6,Logic
VM501,Host117,Web
VM502,Host159,Web
VM503,Host5,Logic
VM504,Host79,Logic
VM505,Host84,Logic
VM506,Host2,Web
VM507,Host42,Web
VM508,Host37,Logic
VM509,Host12,Logic
VM510,Host116,Logic
VM511,Host198,Web
VM512,Host123,Web
VM513,Host104,Web
VM514,Host37,Web
VM515,Host21,Logic
VM516,Host102,Database
VM517,Host41,Web
VM518,Host161,Web
VM519,Host64,Logic
VM520,Host68,Database
VM521,Host113,Web
VM522,Host91,Web
VM523,Host63,Web
VM524,Host113,Database
VM525,Host167,Database
VM526,Host61,Web
VM527,Host63,Logic
VM528,Host63,Database
VM529,Host155,Database
VM530,Host165,Database
VM531,Host51,Database
VM532,Host88,Database
VM533,Host17,Web
VM534,Host194,Web
VM535,Host34,Database
VM536,Host8,Web
VM537,Host162,Web
VM538,Host20,Logic
VM539,Host141,Logic
VM540,Host81,Database
VM541,Host34,Database
VM542,Host125,Web
VM543,Host20,Database
VM544,Host179,Database
VM545,Host147,Database
VM546,Host158,Logic
VM547,Host105,Web
VM548,Host74,Web
VM549,Host168,Database
VM550,Host125,Database
VM551,Host18,Database
VM552,Host77,Logic
VM553,Host100,Logic
VM554,Host88,Web
VM555,Host72,Web
VM556,Host149,Logic
VM557,Host79,Web
VM558,Host41,Database
VM559,Host83,Logic
VM560,Host85,Logic
VM561,Host173,Web
VM562,Host106,Web
VM563,Host104,Logic
VM564,Host108,Database
VM565,Host25,Web
VM566,Host168,Web
VM567,Host191,Logic
VM568,Host76,Web
VM569,Host39,Web
VM570,Host141,Database
VM571,Host52,Logic
VM572,Host45,Web
VM573,Host187,Web
VM574,Host31,Web
VM575,Host133,Web
VM576,Host172,Logic
VM577,Host133,Database
VM578,Host187,Database
VM579,Host1,Logic
VM580,Host142,Logic
VM581,Host124,Logic
VM582,Host38,Database
VM583,Host21,Web
VM584,Host150,Logic
VM585,Host30,Logic
VM586,Host177,Web
VM587,Host22,Database
VM588,Host114,Database
VM589,Host140,Logic
VM590,Host71,Database
VM591,Host20,Web
VM592,Host120,Logic
VM593,Host32,Web
VM594,Host80,Logic
VM595,Host152,Logic
VM596,Host31,Web
VM597,Host129,Web
VM598,Host145,Database
VM599,Host47,Database
VM600,Host193,Logic
VM601,Host181,Logic
VM602,Host144,Web
VM603,Host73,Database
VM604,Host6,Web
VM605,Host52,Logic
VM606,Host113,Logic
VM607,Host138,Database
VM608,Host125,Database
VM609,Host76,Logic
VM610,Host31,Logic
VM611,Host42,Logic
VM612,Host10,Database
VM613,Host171,Database
VM614,Host73,Database
VM615,Host132,Logic
VM616,Host12,Web
VM617,Host91,Logic
VM618,Host119,Database
VM619,Host67,Web
VM620,Host3,Web
VM621,Host22,Web
VM622,Host131,Database
VM623,Host125,Logic
VM624,Host34,Logic
VM625,Host47,Web
VM626,Host79,Database
VM627,Host62,Logic
VM628,Host144,Web
VM629,Host31,Database
VM630,Host62,Database
VM631,Host175,Database
VM632,Host168,Database
VM633,Host137,Logic
VM634,Host74,Logic
VM635,Host170,Database
VM636,Host2,Web
VM637,Host40,Logic
VM638,Host188,Web
VM639,Host18,Logic
VM640,Host32,Logic
VM641,Host54,Logic
VM642,Host22,Database
VM643,Host145,Logic
VM644,Host109,Logic
VM645,Host31,Web
VM646,Host20,Web
VM647,Host194,Logic
VM648,Host2,Logic
VM649,Host129,Web
VM650,Host130,Database
VM651,Host200,Logic
VM652,Host1,Database
VM653,Host67,Database
VM654,Host125,Web
VM655,Host169,Logic
VM656,Host135,Web
VM657,Host36,Web
VM658,Host59,Database
VM659,Host111,Web
VM660,Host184,Logic
VM661,Host68,Web
VM662,Host69,Web
VM663,Host20,Web
VM664,Host148,Web
VM665,Host133,Logic
VM666,Host6,Logic
VM667,Host63,Database
VM668,Host192,Logic
VM669,Host77,Logic
VM670,Host86,Logic
VM671,Host130,Database
VM672,Host168,Database
VM673,Host48,Logic
VM674,Host183,Database
VM675,Host80,Web
VM676,Host19,Logic
VM677,Host178,Web
VM678,Host124,Web
VM679,Host47,Web
VM680,Host1,Database
VM681,Host39,Logic
VM682,Host113,Web
VM683,Host169,Logic
VM684,Host118,Database
VM685,Host108,Database
VM686,Host36,Web
VM687,Host64,Database
VM688,Host109,Web
VM689,Host13,Web
VM690,Host174,Logic
VM691,Host177,Web
VM692,Host100,Logic
VM693,Host47,Web
VM694,Host29,Web
VM695,Host30,Database
VM696,Host28,Web
VM697,Host112,Logic
VM698,Host130,Web
VM699,Host131,Web
VM700,Host124,Database
VM701,Host25,Web
VM702,Host158,Web
VM703,Host39,Web
VM704,Host177,Database
VM705,Host189,Database
VM706,Host124,Web
VM707,Host188,Web
VM708,Host76,Logic
VM709,Host82,Logic
VM710,Host100,Database
VM711,Host13,Web
VM712,Host17,Logic
VM713,Host108,Database
VM714,Host186,Logic
VM715,Host93,Database
VM716,Host125,Logic
VM717,Host106,Web
VM718,Host55,Database
VM719,Host43,Logic
VM720,Host189,Web
VM721,Host17,Database
VM722,Host177,Web
VM723,Host94,Database
VM724,Host61,Database
VM725,Host152,Web
VM726,Host58,Logic
VM727,Host169,Web
VM728,Host20,Logic
VM729,Host153,Logic
VM730,Host169,Web
VM731,Host82,Logic
VM732,Host126,Web
VM733,Host109,Database
VM734,Host82,Web
VM735,Host160,Database
VM736,Host154,Database
VM737,Host60,Web
VM738,Host17,Web
VM739,Host69,Logic
VM740,Host40,Logic
VM741,Host200,Database
VM742,Host125,Logic
VM743,Host164,Database
VM744,Host146,Web
VM745,Host161,Logic
VM746,Host21,Database
VM747,Host162,Web
VM748,Host169,Database
VM749,Host35,Logic
VM750,Host196,Logic
VM751,Host102,Logic
VM752,Host191,Database
VM753,Host9,Database
VM754,Host144,Logic
VM755,Host17,Web
VM756,Host1,Logic
VM757,Host147,Database
VM758,Host131,Logic
VM759,Host120,Database
VM760,Host104,Logic
VM761,Host24,Database
VM762,Host129,Web
VM763,Host114,Logic
VM764,Host73,Web
VM765,Host149,Database
VM766,Host136,Database
VM767,Host121,Logic
VM768,Host89,Web
VM769,Host187,Web
VM770,Host105,Web
VM771,Host74,Logic
VM772,Host114,Database
VM773,Host163,Web
VM774,Host148,Logic
VM775,Host142,Database
VM776,Host103,Web
VM777,Host52,Web
VM778,Host38,Database
VM779,Host88,Logic
VM780,Host3,Database
VM781,Host119,Logic
VM782,Host193,Logic
VM783,Host68,Web
VM784,Host33,Web
VM785,Host36,Logic
VM786,Host29,Web
VM787,Host111,Web
VM788,Host131,Database
VM789,Host46,Logic
VM790,Host84,Logic
VM791,Host145,Web
VM792,Host132,Web
VM793,Host28,Web
VM794,Host106,Database
VM795,Host125,Database
VM796,Host23,Web
VM797,Host94,Web
VM798,Host84,Web
VM799,Host1,Web
VM800,Host154,Database
VM801,Host1,Database
VM802,Host175,Database
VM803,Host138,Web
VM804,Host178,Web
VM805,Host184,Logic
VM806,Host172,Database
VM807,Host69,Web
VM808,Host187,Database
VM809,Host33,Web
VM810,Host181,Logic
VM811,Host174,Database
VM812,Host10,Database
VM813,Host90,Database
VM814,Host44,Web
VM815,Host30,Database
VM816,Host194,Database
VM817,Host187,Web
VM818,Host180,Web
VM819,Host142,Web
VM820,Host94,Database
VM821,Host109,Logic
VM822,Host15,Web
VM823,Host189,Web
VM824,Host22,Logic
VM825,Host131,Logic
VM826,Host186,Web
VM827,Host48,Web
VM828,Host182,Logic
VM829,Host41,Web
VM830,Host188,Logic
VM831,Host27,Web
VM832,Host194,Database
VM833,Host70,Logic
VM834,Host81,Database
VM835,Host150,Web
VM836,Host13,Logic
VM837,Host105,Web
VM838,Host189,Web
VM839,Host145,Logic
VM840,Host9,Logic
VM841,Host46,Database
VM842,Host32,Logic
VM843,Host49,Web
VM844,Host191,Logic
VM845,Host57,Web
VM846,Host196,Web
VM847,Host128,Web
VM848,Host195,Logic
VM849,Host188,Logic
VM850,Host44,Web
VM851,Host81,Logic
VM852,Host110,Web
VM853,Host77,Logic
VM854,Host45,Web
VM855,Host191,Database
VM856,Host153,Web
VM857,Host130,Database
VM858,Host113,Database
VM859,Host135,Database
VM860,Host41,Database
VM861,Host30,Database
VM862,Host147,Web
VM863,Host163,Logic
VM864,Host65,Web
VM865,Host113,Web
VM866,Host178,Database
VM867,Host93,Web
VM868,Host50,Database
VM869,Host33,Web
VM870,Host200,Database
VM871,Host57,Web
VM872,Host92,Web
VM873,Host139,Database
VM874,Host194,Database
VM875,Host115,Web
VM876,Host50,Logic
VM877,Host134,Logic
VM878,Host170,Web
VM879,Host106,Database
VM880,Host51,Database
VM881,Host175,Web
VM882,Host141,Database
VM883,Host157,Logic
VM884,Host2,Database
VM885,Host156,Database
VM886,Host28,Database
VM887,Host83,Web
VM888,Host196,Logic
VM889,Host69,Database
VM890,Host82,Database
VM891,Host153,Web
VM892,Host29,Web
VM893,Host51,Database
VM894,Host50,Web
VM895,Host60,Web
VM896,Host178,Logic
VM897,Host90,Web
VM898,Host119,Database
VM899,Host161,Web
VM900,Host133,Web
VM901,Host181,Web
VM902,Host32,Database
VM903,Host83,Database
VM904,Host56,Web
VM905,Host166,Web
VM906,Host20,Database
VM907,Host91,Web
VM908,Host147,Logic
VM909,Host123,Web
VM910,Host147,Database
VM911,Host173,Web
VM912,Host184,Web
VM913,Host60,Database
VM914,Host103,Web
VM915,Host68,Database
VM916,Host63,Logic
VM917,Host105,Web
VM918,Host23,Web
VM919,Host161,Database
VM920,Host85,Web
VM921,Host125,Web
VM922,Host171,Logic
VM923,Host121,Database
VM924,Host150,Logic
VM925,Host127,Database
VM926,Host61,Logic
VM927,Host47,Database
VM928,Host69,Logic
VM929,Host32,Web
VM930,Host17,Web
VM931,Host192,Logic
VM932,Host101,Web
VM933,Host183,Logic
VM934,Host86,Logic
VM935,Host3,Database
VM936,Host149,Logic
VM937,Host191,Logic
VM938,Host192,Logic
VM939,Host149,Web
VM940,Host88,Web
VM941,Host190,Database
VM942,Host48,Database
VM943,Host34,Web
VM944,Host69,Web
VM945,Host117,Logic
VM946,Host173,Web
VM947,Host27,Logic
VM948,Host143,Database
VM949,Host33,Logic
VM950,Host160,Web
VM951,Host189,Database
VM952,Host78,Web
VM953,Host125,Logic
VM954,Host65,Web
VM955,Host9,Database
VM956,Host27,Database
VM957,Host23,Logic
VM958,Host13,Database
VM959,Host50,Web
VM960,Host49,Web
VM961,Host87,Database
VM962,Host113,Web
VM963,Host113,Database
VM964,Host193,Database
VM965,Host62,Logic
VM966,Host41,Web
VM967,Host22,Web
VM968,Host44,Database
VM969,Host81,Logic
VM970,Host189,Logic
VM971,Host37,Logic
VM972,Host115,Database
VM973,Host168,Logic
VM974,Host86,Logic
VM975,Host137,Database
VM976,Host133,Database
VM977,Host187,Database
VM978,Host42,Web
VM979,Host36,Database
VM980,Host156,Logic
VM981,Host156,Database
VM982,Host148,Web
VM983,Host195,Database
VM984,Host40,Web
VM985,Host168,Logic
VM986,Host192,Logic
VM987,Host5,Database
VM988,Host17,Logic
VM989,Host24,Web
VM990,Host165,Web
VM991,Host61,Logic
VM992,Host63,Logic
VM993,Host146,Logic
VM994,Host70,Logic
VM995,Host13,Web
VM996,Host200,Logic
VM997,Host28,Database
VM998,Host30,Database
VM999,Host76,Logic
VM1000,Host116,Database
